{
    "accuracy": 0.9936305732484076,
    "loss": 2.06726474049687
}