{
    "accuracy": 0.9917396496815286,
    "loss": 3.8141892341615304
}